{
	"skeletonType": "ComparativeEffectStudy",
	"skeletonVersion": "v0.0.1",
	"requiredHydraVersion": "v0.0.1",
	"actions":[{
		"type": "fileNameFindAndReplace",
		"input": "packageName",
		"find": "SkeletonComparativeEffectStudy"
	},{
		"type": "stringFindAndReplace",
		"input": "packageName",
		"find": "SkeletonComparativeEffectStudy"
	},{
		"type": "jsonArrayToCsv",
		"input": "cohortDefinitions",
		"mapping": [{"source": "id", "target": "cohortId"},
					{"source": "id", "target": "atlasId"},
					{"source": "name", "target": "name"}],
		"output": "inst/settings/CohortsToCreate.csv"
	},{
		"type": "jsonArrayToCsv",
		"input": "negativeControls",
		"mapping": [{"source": "targetId", "target": "targetId"},
					{"source": "comparatorId", "target": "comparatorId"},
					{"source": "outcomeId", "target": "outcomeId"},
					{"source": "outcomeName", "target": "outcomeName"}],
		"output": "inst/settings/NegativeControls.csv"
	}]
}