[
  {
    "analysisId": 1,
    "description": "No matching",
    "getDbCohortMethodDataArgs": {
      "studyStartDate": "",
      "studyEndDate": "",
      "excludeDrugsFromCovariates": false,
      "firstExposureOnly": true,
      "removeDuplicateSubjects": "remove all",
      "restrictToCommonPeriod": false,
      "washoutPeriod": 183,
      "maxCohortSize": 0,
      "covariateSettings": {
        "temporal": false,
        "DemographicsGender": true,
        "DemographicsAgeGroup": true,
        "DemographicsRace": true,
        "DemographicsEthnicity": true,
        "DemographicsIndexYear": true,
        "DemographicsIndexMonth": true,
        "ConditionGroupEraLongTerm": true,
        "ConditionGroupEraShortTerm": true,
        "DrugGroupEraLongTerm": true,
        "DrugGroupEraShortTerm": true,
        "DrugGroupEraOverlapping": true,
        "ProcedureOccurrenceLongTerm": true,
        "ProcedureOccurrenceShortTerm": true,
        "DeviceExposureLongTerm": true,
        "DeviceExposureShortTerm": true,
        "MeasurementLongTerm": true,
        "MeasurementShortTerm": true,
        "MeasurementRangeGroupLongTerm": true,
        "ObservationLongTerm": true,
        "ObservationShortTerm": true,
        "CharlsonIndex": true,
        "Dcsi": true,
        "Chads2": true,
        "Chads2Vasc": true,
        "includedCovariateConceptIds": [],
        "includedCovariateIds": [],
        "addDescendantsToInclude": false,
        "excludedCovariateConceptIds": [],
        "addDescendantsToExclude": true,
        "shortTermStartDays": -30,
        "mediumTermStartDays": -180,
        "endDays": 0,
        "longTermStartDays": -365,
        "attr_fun": "getDbDefaultCovariateData",
        "attr_class": "covariateSettings"
      },
      "attr_class": "args"
    },
    "createStudyPopArgs": {
      "firstExposureOnly": false,
      "restrictToCommonPeriod": false,
      "washoutPeriod": 0,
      "removeDuplicateSubjects": false,
      "removeSubjectsWithPriorOutcome": true,
      "priorOutcomeLookback": 99999,
      "minDaysAtRisk": 1,
      "riskWindowStart": 0,
      "addExposureDaysToStart": false,
      "riskWindowEnd": 30,
      "addExposureDaysToEnd": true,
      "censorAtNewRiskWindow": false,
      "attr_class": "args"
    },
    "createPs": false,
    "trimByPs": false,
    "trimByPsToEquipoise": false,
    "matchOnPs": false,
    "matchOnPsAndCovariates": false,
    "stratifyByPs": false,
    "stratifyByPsAndCovariates": false,
    "fitOutcomeModel": true,
    "fitOutcomeModelArgs": {
      "modelType": "cox",
      "stratified": false,
      "useCovariates": false,
      "inversePtWeighting": false,
      "prior": {
        "priorType": "laplace",
        "variance": 1,
        "exclude": null,
        "graph": null,
        "neighborhood": null,
        "useCrossValidation": true,
        "forceIntercept": false,
        "attr_class": "cyclopsPrior"
      },
      "control": {
        "maxIterations": 1000,
        "tolerance": 2e-007,
        "convergenceType": "gradient",
        "autoSearch": true,
        "fold": 10,
        "lowerLimit": 0.01,
        "upperLimit": 20,
        "gridSteps": 10,
        "minCVData": 100,
        "cvRepetitions": 10,
        "noiseLevel": "quiet",
        "threads": 1,
        "seed": null,
        "resetCoefficients": false,
        "startingVariance": 0.01,
        "useKKTSwindle": false,
        "tuneSwindle": 10,
        "selectorType": "auto",
        "initialBound": 2,
        "maxBoundCount": 5,
        "algorithm": "ccd",
        "attr_class": "cyclopsControl"
      },
      "attr_class": "args"
    },
    "attr_class": "cmAnalysis"
  },
  {
    "analysisId": 2,
    "description": "One-on-one matching",
    "getDbCohortMethodDataArgs": {
      "studyStartDate": "",
      "studyEndDate": "",
      "excludeDrugsFromCovariates": false,
      "firstExposureOnly": true,
      "removeDuplicateSubjects": "remove all",
      "restrictToCommonPeriod": false,
      "washoutPeriod": 183,
      "maxCohortSize": 0,
      "covariateSettings": {
        "temporal": false,
        "DemographicsGender": true,
        "DemographicsAgeGroup": true,
        "DemographicsRace": true,
        "DemographicsEthnicity": true,
        "DemographicsIndexYear": true,
        "DemographicsIndexMonth": true,
        "ConditionGroupEraLongTerm": true,
        "ConditionGroupEraShortTerm": true,
        "DrugGroupEraLongTerm": true,
        "DrugGroupEraShortTerm": true,
        "DrugGroupEraOverlapping": true,
        "ProcedureOccurrenceLongTerm": true,
        "ProcedureOccurrenceShortTerm": true,
        "DeviceExposureLongTerm": true,
        "DeviceExposureShortTerm": true,
        "MeasurementLongTerm": true,
        "MeasurementShortTerm": true,
        "MeasurementRangeGroupLongTerm": true,
        "ObservationLongTerm": true,
        "ObservationShortTerm": true,
        "CharlsonIndex": true,
        "Dcsi": true,
        "Chads2": true,
        "Chads2Vasc": true,
        "includedCovariateConceptIds": [],
        "includedCovariateIds": [],
        "addDescendantsToInclude": false,
        "excludedCovariateConceptIds": [],
        "addDescendantsToExclude": true,
        "shortTermStartDays": -30,
        "mediumTermStartDays": -180,
        "endDays": 0,
        "longTermStartDays": -365,
        "attr_fun": "getDbDefaultCovariateData",
        "attr_class": "covariateSettings"
      },
      "attr_class": "args"
    },
    "createStudyPopArgs": {
      "firstExposureOnly": false,
      "restrictToCommonPeriod": false,
      "washoutPeriod": 0,
      "removeDuplicateSubjects": false,
      "removeSubjectsWithPriorOutcome": true,
      "priorOutcomeLookback": 99999,
      "minDaysAtRisk": 1,
      "riskWindowStart": 0,
      "addExposureDaysToStart": false,
      "riskWindowEnd": 30,
      "addExposureDaysToEnd": true,
      "censorAtNewRiskWindow": false,
      "attr_class": "args"
    },
    "createPs": true,
    "createPsArgs": {
      "maxCohortSizeForFitting": 250000,
      "errorOnHighCorrelation": true,
      "stopOnError": true,
      "prior": {
        "priorType": "laplace",
        "variance": 1,
        "exclude": 0,
        "graph": null,
        "neighborhood": null,
        "useCrossValidation": true,
        "forceIntercept": false,
        "attr_class": "cyclopsPrior"
      },
      "control": {
        "maxIterations": 1000,
        "tolerance": 2e-007,
        "convergenceType": "gradient",
        "autoSearch": true,
        "fold": 10,
        "lowerLimit": 0.01,
        "upperLimit": 20,
        "gridSteps": 10,
        "minCVData": 100,
        "cvRepetitions": 10,
        "noiseLevel": "quiet",
        "threads": 1,
        "seed": null,
        "resetCoefficients": false,
        "startingVariance": 0.01,
        "useKKTSwindle": false,
        "tuneSwindle": 10,
        "selectorType": "auto",
        "initialBound": 2,
        "maxBoundCount": 5,
        "algorithm": "ccd",
        "attr_class": "cyclopsControl"
      },
      "attr_class": "args"
    },
    "trimByPs": false,
    "trimByPsToEquipoise": false,
    "matchOnPs": true,
    "matchOnPsArgs": {
      "caliper": 0.2,
      "caliperScale": "standardized logit",
      "maxRatio": 1,
      "attr_class": "args"
    },
    "matchOnPsAndCovariates": false,
    "stratifyByPs": false,
    "stratifyByPsAndCovariates": false,
    "fitOutcomeModel": true,
    "fitOutcomeModelArgs": {
      "modelType": "cox",
      "stratified": true,
      "useCovariates": false,
      "inversePtWeighting": false,
      "prior": {
        "priorType": "laplace",
        "variance": 1,
        "exclude": null,
        "graph": null,
        "neighborhood": null,
        "useCrossValidation": true,
        "forceIntercept": false,
        "attr_class": "cyclopsPrior"
      },
      "control": {
        "maxIterations": 1000,
        "tolerance": 2e-007,
        "convergenceType": "gradient",
        "autoSearch": true,
        "fold": 10,
        "lowerLimit": 0.01,
        "upperLimit": 20,
        "gridSteps": 10,
        "minCVData": 100,
        "cvRepetitions": 10,
        "noiseLevel": "quiet",
        "threads": 1,
        "seed": null,
        "resetCoefficients": false,
        "startingVariance": 0.01,
        "useKKTSwindle": false,
        "tuneSwindle": 10,
        "selectorType": "auto",
        "initialBound": 2,
        "maxBoundCount": 5,
        "algorithm": "ccd",
        "attr_class": "cyclopsControl"
      },
      "attr_class": "args"
    },
    "attr_class": "cmAnalysis"
  },
  {
    "analysisId": 3,
    "description": "Variable ratio matching",
    "getDbCohortMethodDataArgs": {
      "studyStartDate": "",
      "studyEndDate": "",
      "excludeDrugsFromCovariates": false,
      "firstExposureOnly": true,
      "removeDuplicateSubjects": "remove all",
      "restrictToCommonPeriod": false,
      "washoutPeriod": 183,
      "maxCohortSize": 0,
      "covariateSettings": {
        "temporal": false,
        "DemographicsGender": true,
        "DemographicsAgeGroup": true,
        "DemographicsRace": true,
        "DemographicsEthnicity": true,
        "DemographicsIndexYear": true,
        "DemographicsIndexMonth": true,
        "ConditionGroupEraLongTerm": true,
        "ConditionGroupEraShortTerm": true,
        "DrugGroupEraLongTerm": true,
        "DrugGroupEraShortTerm": true,
        "DrugGroupEraOverlapping": true,
        "ProcedureOccurrenceLongTerm": true,
        "ProcedureOccurrenceShortTerm": true,
        "DeviceExposureLongTerm": true,
        "DeviceExposureShortTerm": true,
        "MeasurementLongTerm": true,
        "MeasurementShortTerm": true,
        "MeasurementRangeGroupLongTerm": true,
        "ObservationLongTerm": true,
        "ObservationShortTerm": true,
        "CharlsonIndex": true,
        "Dcsi": true,
        "Chads2": true,
        "Chads2Vasc": true,
        "includedCovariateConceptIds": [],
        "includedCovariateIds": [],
        "addDescendantsToInclude": false,
        "excludedCovariateConceptIds": [],
        "addDescendantsToExclude": true,
        "shortTermStartDays": -30,
        "mediumTermStartDays": -180,
        "endDays": 0,
        "longTermStartDays": -365,
        "attr_fun": "getDbDefaultCovariateData",
        "attr_class": "covariateSettings"
      },
      "attr_class": "args"
    },
    "createStudyPopArgs": {
      "firstExposureOnly": false,
      "restrictToCommonPeriod": false,
      "washoutPeriod": 0,
      "removeDuplicateSubjects": false,
      "removeSubjectsWithPriorOutcome": true,
      "priorOutcomeLookback": 99999,
      "minDaysAtRisk": 1,
      "riskWindowStart": 0,
      "addExposureDaysToStart": false,
      "riskWindowEnd": 30,
      "addExposureDaysToEnd": true,
      "censorAtNewRiskWindow": false,
      "attr_class": "args"
    },
    "createPs": true,
    "createPsArgs": {
      "maxCohortSizeForFitting": 250000,
      "errorOnHighCorrelation": true,
      "stopOnError": true,
      "prior": {
        "priorType": "laplace",
        "variance": 1,
        "exclude": 0,
        "graph": null,
        "neighborhood": null,
        "useCrossValidation": true,
        "forceIntercept": false,
        "attr_class": "cyclopsPrior"
      },
      "control": {
        "maxIterations": 1000,
        "tolerance": 2e-007,
        "convergenceType": "gradient",
        "autoSearch": true,
        "fold": 10,
        "lowerLimit": 0.01,
        "upperLimit": 20,
        "gridSteps": 10,
        "minCVData": 100,
        "cvRepetitions": 10,
        "noiseLevel": "quiet",
        "threads": 1,
        "seed": null,
        "resetCoefficients": false,
        "startingVariance": 0.01,
        "useKKTSwindle": false,
        "tuneSwindle": 10,
        "selectorType": "auto",
        "initialBound": 2,
        "maxBoundCount": 5,
        "algorithm": "ccd",
        "attr_class": "cyclopsControl"
      },
      "attr_class": "args"
    },
    "trimByPs": false,
    "trimByPsToEquipoise": false,
    "matchOnPs": true,
    "matchOnPsArgs": {
      "caliper": 0.2,
      "caliperScale": "standardized logit",
      "maxRatio": 100,
      "attr_class": "args"
    },
    "matchOnPsAndCovariates": false,
    "stratifyByPs": false,
    "stratifyByPsAndCovariates": false,
    "fitOutcomeModel": true,
    "fitOutcomeModelArgs": {
      "modelType": "cox",
      "stratified": true,
      "useCovariates": false,
      "inversePtWeighting": false,
      "prior": {
        "priorType": "laplace",
        "variance": 1,
        "exclude": null,
        "graph": null,
        "neighborhood": null,
        "useCrossValidation": true,
        "forceIntercept": false,
        "attr_class": "cyclopsPrior"
      },
      "control": {
        "maxIterations": 1000,
        "tolerance": 2e-007,
        "convergenceType": "gradient",
        "autoSearch": true,
        "fold": 10,
        "lowerLimit": 0.01,
        "upperLimit": 20,
        "gridSteps": 10,
        "minCVData": 100,
        "cvRepetitions": 10,
        "noiseLevel": "quiet",
        "threads": 1,
        "seed": null,
        "resetCoefficients": false,
        "startingVariance": 0.01,
        "useKKTSwindle": false,
        "tuneSwindle": 10,
        "selectorType": "auto",
        "initialBound": 2,
        "maxBoundCount": 5,
        "algorithm": "ccd",
        "attr_class": "cyclopsControl"
      },
      "attr_class": "args"
    },
    "attr_class": "cmAnalysis"
  },
  {
    "analysisId": 4,
    "description": "Stratification",
    "getDbCohortMethodDataArgs": {
      "studyStartDate": "",
      "studyEndDate": "",
      "excludeDrugsFromCovariates": false,
      "firstExposureOnly": true,
      "removeDuplicateSubjects": "remove all",
      "restrictToCommonPeriod": false,
      "washoutPeriod": 183,
      "maxCohortSize": 0,
      "covariateSettings": {
        "temporal": false,
        "DemographicsGender": true,
        "DemographicsAgeGroup": true,
        "DemographicsRace": true,
        "DemographicsEthnicity": true,
        "DemographicsIndexYear": true,
        "DemographicsIndexMonth": true,
        "ConditionGroupEraLongTerm": true,
        "ConditionGroupEraShortTerm": true,
        "DrugGroupEraLongTerm": true,
        "DrugGroupEraShortTerm": true,
        "DrugGroupEraOverlapping": true,
        "ProcedureOccurrenceLongTerm": true,
        "ProcedureOccurrenceShortTerm": true,
        "DeviceExposureLongTerm": true,
        "DeviceExposureShortTerm": true,
        "MeasurementLongTerm": true,
        "MeasurementShortTerm": true,
        "MeasurementRangeGroupLongTerm": true,
        "ObservationLongTerm": true,
        "ObservationShortTerm": true,
        "CharlsonIndex": true,
        "Dcsi": true,
        "Chads2": true,
        "Chads2Vasc": true,
        "includedCovariateConceptIds": [],
        "includedCovariateIds": [],
        "addDescendantsToInclude": false,
        "excludedCovariateConceptIds": [],
        "addDescendantsToExclude": true,
        "shortTermStartDays": -30,
        "mediumTermStartDays": -180,
        "endDays": 0,
        "longTermStartDays": -365,
        "attr_fun": "getDbDefaultCovariateData",
        "attr_class": "covariateSettings"
      },
      "attr_class": "args"
    },
    "createStudyPopArgs": {
      "firstExposureOnly": false,
      "restrictToCommonPeriod": false,
      "washoutPeriod": 0,
      "removeDuplicateSubjects": false,
      "removeSubjectsWithPriorOutcome": true,
      "priorOutcomeLookback": 99999,
      "minDaysAtRisk": 1,
      "riskWindowStart": 0,
      "addExposureDaysToStart": false,
      "riskWindowEnd": 30,
      "addExposureDaysToEnd": true,
      "censorAtNewRiskWindow": false,
      "attr_class": "args"
    },
    "createPs": true,
    "createPsArgs": {
      "maxCohortSizeForFitting": 250000,
      "errorOnHighCorrelation": true,
      "stopOnError": true,
      "prior": {
        "priorType": "laplace",
        "variance": 1,
        "exclude": 0,
        "graph": null,
        "neighborhood": null,
        "useCrossValidation": true,
        "forceIntercept": false,
        "attr_class": "cyclopsPrior"
      },
      "control": {
        "maxIterations": 1000,
        "tolerance": 2e-007,
        "convergenceType": "gradient",
        "autoSearch": true,
        "fold": 10,
        "lowerLimit": 0.01,
        "upperLimit": 20,
        "gridSteps": 10,
        "minCVData": 100,
        "cvRepetitions": 10,
        "noiseLevel": "quiet",
        "threads": 1,
        "seed": null,
        "resetCoefficients": false,
        "startingVariance": 0.01,
        "useKKTSwindle": false,
        "tuneSwindle": 10,
        "selectorType": "auto",
        "initialBound": 2,
        "maxBoundCount": 5,
        "algorithm": "ccd",
        "attr_class": "cyclopsControl"
      },
      "attr_class": "args"
    },
    "trimByPs": false,
    "trimByPsToEquipoise": false,
    "matchOnPs": false,
    "matchOnPsAndCovariates": false,
    "stratifyByPs": true,
    "stratifyByPsArgs": {
      "numberOfStrata": 5,
      "baseSelection": "all",
      "attr_class": "args"
    },
    "stratifyByPsAndCovariates": false,
    "fitOutcomeModel": true,
    "fitOutcomeModelArgs": {
      "modelType": "cox",
      "stratified": true,
      "useCovariates": false,
      "inversePtWeighting": false,
      "prior": {
        "priorType": "laplace",
        "variance": 1,
        "exclude": null,
        "graph": null,
        "neighborhood": null,
        "useCrossValidation": true,
        "forceIntercept": false,
        "attr_class": "cyclopsPrior"
      },
      "control": {
        "maxIterations": 1000,
        "tolerance": 2e-007,
        "convergenceType": "gradient",
        "autoSearch": true,
        "fold": 10,
        "lowerLimit": 0.01,
        "upperLimit": 20,
        "gridSteps": 10,
        "minCVData": 100,
        "cvRepetitions": 10,
        "noiseLevel": "quiet",
        "threads": 1,
        "seed": null,
        "resetCoefficients": false,
        "startingVariance": 0.01,
        "useKKTSwindle": false,
        "tuneSwindle": 10,
        "selectorType": "auto",
        "initialBound": 2,
        "maxBoundCount": 5,
        "algorithm": "ccd",
        "attr_class": "cyclopsControl"
      },
      "attr_class": "args"
    },
    "attr_class": "cmAnalysis"
  },
  {
    "analysisId": 5,
    "description": "Stratification with interaction terms",
    "getDbCohortMethodDataArgs": {
      "studyStartDate": "",
      "studyEndDate": "",
      "excludeDrugsFromCovariates": false,
      "firstExposureOnly": true,
      "removeDuplicateSubjects": "remove all",
      "restrictToCommonPeriod": false,
      "washoutPeriod": 183,
      "maxCohortSize": 0,
      "covariateSettings": {
        "temporal": false,
        "DemographicsGender": true,
        "DemographicsAgeGroup": true,
        "DemographicsRace": true,
        "DemographicsEthnicity": true,
        "DemographicsIndexYear": true,
        "DemographicsIndexMonth": true,
        "ConditionGroupEraLongTerm": true,
        "ConditionGroupEraShortTerm": true,
        "DrugGroupEraLongTerm": true,
        "DrugGroupEraShortTerm": true,
        "DrugGroupEraOverlapping": true,
        "ProcedureOccurrenceLongTerm": true,
        "ProcedureOccurrenceShortTerm": true,
        "DeviceExposureLongTerm": true,
        "DeviceExposureShortTerm": true,
        "MeasurementLongTerm": true,
        "MeasurementShortTerm": true,
        "MeasurementRangeGroupLongTerm": true,
        "ObservationLongTerm": true,
        "ObservationShortTerm": true,
        "CharlsonIndex": true,
        "Dcsi": true,
        "Chads2": true,
        "Chads2Vasc": true,
        "includedCovariateConceptIds": [],
        "includedCovariateIds": [],
        "addDescendantsToInclude": false,
        "excludedCovariateConceptIds": [],
        "addDescendantsToExclude": true,
        "shortTermStartDays": -30,
        "mediumTermStartDays": -180,
        "endDays": 0,
        "longTermStartDays": -365,
        "attr_fun": "getDbDefaultCovariateData",
        "attr_class": "covariateSettings"
      },
      "attr_class": "args"
    },
    "createStudyPopArgs": {
      "firstExposureOnly": false,
      "restrictToCommonPeriod": false,
      "washoutPeriod": 0,
      "removeDuplicateSubjects": false,
      "removeSubjectsWithPriorOutcome": true,
      "priorOutcomeLookback": 99999,
      "minDaysAtRisk": 1,
      "riskWindowStart": 0,
      "addExposureDaysToStart": false,
      "riskWindowEnd": 30,
      "addExposureDaysToEnd": true,
      "censorAtNewRiskWindow": false,
      "attr_class": "args"
    },
    "createPs": true,
    "createPsArgs": {
      "maxCohortSizeForFitting": 250000,
      "errorOnHighCorrelation": true,
      "stopOnError": true,
      "prior": {
        "priorType": "laplace",
        "variance": 1,
        "exclude": 0,
        "graph": null,
        "neighborhood": null,
        "useCrossValidation": true,
        "forceIntercept": false,
        "attr_class": "cyclopsPrior"
      },
      "control": {
        "maxIterations": 1000,
        "tolerance": 2e-007,
        "convergenceType": "gradient",
        "autoSearch": true,
        "fold": 10,
        "lowerLimit": 0.01,
        "upperLimit": 20,
        "gridSteps": 10,
        "minCVData": 100,
        "cvRepetitions": 10,
        "noiseLevel": "quiet",
        "threads": 1,
        "seed": null,
        "resetCoefficients": false,
        "startingVariance": 0.01,
        "useKKTSwindle": false,
        "tuneSwindle": 10,
        "selectorType": "auto",
        "initialBound": 2,
        "maxBoundCount": 5,
        "algorithm": "ccd",
        "attr_class": "cyclopsControl"
      },
      "attr_class": "args"
    },
    "trimByPs": false,
    "trimByPsToEquipoise": false,
    "matchOnPs": false,
    "matchOnPsAndCovariates": false,
    "stratifyByPs": true,
    "stratifyByPsArgs": {
      "numberOfStrata": 5,
      "baseSelection": "all",
      "attr_class": "args"
    },
    "stratifyByPsAndCovariates": false,
    "fitOutcomeModel": true,
    "fitOutcomeModelArgs": {
      "modelType": "cox",
      "stratified": true,
      "useCovariates": false,
      "inversePtWeighting": false,
      "interactionCovariateIds": [8532001, 201826210, 21600960413],
      "prior": {
        "priorType": "laplace",
        "variance": 1,
        "exclude": null,
        "graph": null,
        "neighborhood": null,
        "useCrossValidation": true,
        "forceIntercept": false,
        "attr_class": "cyclopsPrior"
      },
      "control": {
        "maxIterations": 1000,
        "tolerance": 2e-007,
        "convergenceType": "gradient",
        "autoSearch": true,
        "fold": 10,
        "lowerLimit": 0.01,
        "upperLimit": 20,
        "gridSteps": 10,
        "minCVData": 100,
        "cvRepetitions": 10,
        "noiseLevel": "quiet",
        "threads": 1,
        "seed": null,
        "resetCoefficients": false,
        "startingVariance": 0.01,
        "useKKTSwindle": false,
        "tuneSwindle": 10,
        "selectorType": "auto",
        "initialBound": 2,
        "maxBoundCount": 5,
        "algorithm": "ccd",
        "attr_class": "cyclopsControl"
      },
      "attr_class": "args"
    },
    "attr_class": "cmAnalysis"
  }
]
