{
  "outputIdOffset": 10000,
  "firstExposureOnly": true,
  "firstOutcomeOnly": true,
  "removePeopleWithPriorOutcomes": true,
  "modelType": "survival",
  "washoutPeriod": 183,
  "riskWindowStart": 0,
  "riskWindowEnd": 30,
  "addExposureDaysToEnd": true,
  "effectSizes": [1.5, 2, 4],
  "precision": 0.01,
  "prior": {
    "priorType": "laplace",
    "variance": 1,
    "exclude": 0,
    "graph": null,
    "neighborhood": null,
    "useCrossValidation": true,
    "forceIntercept": false,
    "attr_class": "cyclopsPrior"
  },
  "control": {
    "maxIterations": 1000,
    "tolerance": 1e-006,
    "convergenceType": "gradient",
    "autoSearch": true,
    "fold": 10,
    "lowerLimit": 0.01,
    "upperLimit": 20,
    "gridSteps": 10,
    "minCVData": 100,
    "cvRepetitions": 1,
    "noiseLevel": "quiet",
    "threads": 1,
    "seed": null,
    "resetCoefficients": false,
    "startingVariance": 0.01,
    "useKKTSwindle": false,
    "tuneSwindle": 10,
    "selectorType": "auto",
    "initialBound": 2,
    "maxBoundCount": 5,
    "algorithm": "ccd",
    "attr_class": "cyclopsControl"
  },
  "maxSubjectsForModel": 250000,
  "minOutcomeCountForModel": 50,
  "minOutcomeCountForInjection": 25,
  "covariateSettings": {
    "temporal": false,
    "DemographicsGender": true,
    "DemographicsAgeGroup": true,
    "DemographicsIndexYear": true,
    "DemographicsIndexMonth": true,
    "ConditionGroupEraLongTerm": true,
    "DrugGroupEraLongTerm": true,
    "ProcedureOccurrenceLongTerm": true,
    "MeasurementLongTerm": true,
    "ObservationLongTerm": true,
    "CharlsonIndex": true,
    "Dcsi": true,
    "Chads2Vasc": true,
    "longTermStartDays": -365,
    "mediumTermStartDays": -180,
    "shortTermStartDays": -30,
    "endDays": 0,
    "includedCovariateConceptIds": [],
    "addDescendantsToInclude": false,
    "excludedCovariateConceptIds": [],
    "addDescendantsToExclude": false,
    "includedCovariateIds": [],
    "attr_fun": "getDbDefaultCovariateData",
    "attr_class": "covariateSettings"
  }
}
