{
  "getPlpDataArgs": {
    "maxSampleSize": null,
    "washoutPeriod": 0
  },
  "skeletonType": "PatientLevelPredictionStudy",
  "populationSettings": [{
    "minTimeAtRisk": 364,
    "requireTimeAtRisk": false,
    "addExposureDaysToStart": false,
    "riskWindowStart": 0,
    "washoutPeriod": 365,
    "attr_class": "populationSettings",
    "addExposureDaysToEnd": false,
    "includeAllOutcomes": true,
    "priorOutcomeLookback": 99999,
    "binary": true,
    "removeSubjectsWithPriorOutcome": true,
    "riskWindowEnd": 30,
    "firstExposureOnly": true
  }],
  "organizationName": "Janssen Research and Development",
  "targetIds": [17780],
  "runPlpArgs": {
    "nfold": 3,
    "minCovariateFraction": 0.001,
    "splitSeed": 1250,
    "testSplit": "person",
    "testFraction": 0.25,
    "normalizeData": true
  },
  "description": null,
  "version": "v4.3.4",
  "outcomeIds": [16741],
  "skeletonVersion": "v0.0.4",
  "createdDate": "2021-03-03 16:46",
  "conceptSetCrossReference": [],
  "createdBy": null,
  "cohortDefinitions": [
    {
      "expression": {
        "ExpressionLimit": {"Type": "First"},
        "CollapseSettings": {
          "CollapseType": "ERA",
          "EraPad": 0
        },
        "CensorWindow": {
          "StartDate": null,
          "EndDate": null
        },
        "ConceptSets": [],
        "cdmVersionRange": ">=5.0.0",
        "CensoringCriteria": [],
        "QualifiedLimit": {"Type": "First"},
        "InclusionRules": [],
        "PrimaryCriteria": {
          "CriteriaList": [{"Death": {
            "CorrelatedCriteria": null,
            "CodesetId": null,
            "DeathSourceConcept": null,
            "DeathTypeExclude": false,
            "DeathType": null,
            "OccurrenceStartDate": null,
            "Gender": null,
            "Age": null
          }}],
          "PrimaryCriteriaLimit": {"Type": "First"},
          "ObservationWindow": {
            "PostDays": 0,
            "PriorDays": 0
          }
        }
      },
      "createdDate": "2020-06-15T14:58:05.186+0000",
      "createdBy": null,
      "name": "[COVID ID164 V1] Death",
      "modifiedDate": null,
      "description": null,
      "expressionType": "SIMPLE_EXPRESSION",
      "modifiedBy": null,
      "id": 16741
    },
    {
      "expression": {
        "ExpressionLimit": {"Type": "First"},
        "CollapseSettings": {
          "CollapseType": "ERA",
          "EraPad": 90
        },
        "CensorWindow": {
          "StartDate": null,
          "EndDate": null
        },
        "ConceptSets": [
          {
            "expression": {"items": [{
              "isExcluded": false,
              "concept": {
                "INVALID_REASON_CAPTION": "Valid",
                "CONCEPT_ID": 37310282,
                "STANDARD_CONCEPT": "S",
                "CONCEPT_CODE": "1240581000000104",
                "VOCABULARY_ID": "SNOMED",
                "CONCEPT_NAME": "2019 novel coronavirus detected",
                "DOMAIN_ID": "Measurement",
                "STANDARD_CONCEPT_CAPTION": "Standard",
                "CONCEPT_CLASS_ID": "Clinical Finding",
                "INVALID_REASON": "V"
              },
              "includeMapped": false,
              "includeDescendants": true
            }]},
            "name": "SARS-CoV-2 positive test measurement pre-coordinated",
            "id": 1
          },
          {
            "expression": {"items": [
              {
                "isExcluded": false,
                "concept": {
                  "INVALID_REASON_CAPTION": "Valid",
                  "CONCEPT_ID": 756055,
                  "STANDARD_CONCEPT": "S",
                  "CONCEPT_CODE": "OMOP4873969",
                  "VOCABULARY_ID": "OMOP Extension",
                  "CONCEPT_NAME": "Measurement of severe acute respiratory syndrome coronavirus 2",
                  "DOMAIN_ID": "Measurement",
                  "STANDARD_CONCEPT_CAPTION": "Standard",
                  "CONCEPT_CLASS_ID": "Procedure",
                  "INVALID_REASON": "V"
                },
                "includeMapped": false,
                "includeDescendants": true
              },
              {
                "isExcluded": true,
                "concept": {
                  "INVALID_REASON_CAPTION": "Valid",
                  "CONCEPT_ID": 37310281,
                  "STANDARD_CONCEPT": "S",
                  "CONCEPT_CODE": "1240591000000102",
                  "VOCABULARY_ID": "SNOMED",
                  "CONCEPT_NAME": "2019 novel coronavirus not detected",
                  "DOMAIN_ID": "Measurement",
                  "STANDARD_CONCEPT_CAPTION": "Standard",
                  "CONCEPT_CLASS_ID": "Clinical Finding",
                  "INVALID_REASON": "V"
                },
                "includeMapped": false,
                "includeDescendants": true
              }
            ]},
            "name": "SARS-CoV-2 test measurement",
            "id": 2
          },
          {
            "expression": {"items": [
              {
                "isExcluded": false,
                "concept": {
                  "INVALID_REASON_CAPTION": "Valid",
                  "CONCEPT_ID": 37311061,
                  "STANDARD_CONCEPT": "S",
                  "CONCEPT_CODE": "840539006",
                  "VOCABULARY_ID": "SNOMED",
                  "CONCEPT_NAME": "Disease caused by severe acute respiratory syndrome coronavirus 2",
                  "DOMAIN_ID": "Condition",
                  "STANDARD_CONCEPT_CAPTION": "Standard",
                  "CONCEPT_CLASS_ID": "Clinical Finding",
                  "INVALID_REASON": "V"
                },
                "includeMapped": false,
                "includeDescendants": true
              },
              {
                "isExcluded": false,
                "concept": {
                  "INVALID_REASON_CAPTION": "Valid",
                  "CONCEPT_ID": 4100065,
                  "STANDARD_CONCEPT": "S",
                  "CONCEPT_CODE": "27619001",
                  "VOCABULARY_ID": "SNOMED",
                  "CONCEPT_NAME": "Disease due to Coronaviridae",
                  "DOMAIN_ID": "Condition",
                  "STANDARD_CONCEPT_CAPTION": "Standard",
                  "CONCEPT_CLASS_ID": "Clinical Finding",
                  "INVALID_REASON": "V"
                },
                "includeMapped": false,
                "includeDescendants": true
              },
              {
                "isExcluded": false,
                "concept": {
                  "INVALID_REASON_CAPTION": "Valid",
                  "CONCEPT_ID": 439676,
                  "STANDARD_CONCEPT": "S",
                  "CONCEPT_CODE": "186747009",
                  "VOCABULARY_ID": "SNOMED",
                  "CONCEPT_NAME": "Coronavirus infection",
                  "DOMAIN_ID": "Condition",
                  "STANDARD_CONCEPT_CAPTION": "Standard",
                  "CONCEPT_CLASS_ID": "Clinical Finding",
                  "INVALID_REASON": "V"
                },
                "includeMapped": false,
                "includeDescendants": true
              },
              {
                "isExcluded": false,
                "concept": {
                  "INVALID_REASON_CAPTION": "Valid",
                  "CONCEPT_ID": 37311060,
                  "STANDARD_CONCEPT": "S",
                  "CONCEPT_CODE": "840544004",
                  "VOCABULARY_ID": "SNOMED",
                  "CONCEPT_NAME": "Suspected disease caused by severe acute respiratory coronavirus 2",
                  "DOMAIN_ID": "Observation",
                  "STANDARD_CONCEPT_CAPTION": "Standard",
                  "CONCEPT_CLASS_ID": "Context-dependent",
                  "INVALID_REASON": "V"
                },
                "includeMapped": false,
                "includeDescendants": true
              }
            ]},
            "name": "COVID-19 conditions",
            "id": 4
          },
          {
            "expression": {"items": [
              {
                "isExcluded": false,
                "concept": {
                  "INVALID_REASON_CAPTION": "Valid",
                  "CONCEPT_ID": 262,
                  "STANDARD_CONCEPT": "S",
                  "CONCEPT_CODE": "ERIP",
                  "VOCABULARY_ID": "Visit",
                  "CONCEPT_NAME": "Emergency Room and Inpatient Visit",
                  "DOMAIN_ID": "Visit",
                  "STANDARD_CONCEPT_CAPTION": "Standard",
                  "CONCEPT_CLASS_ID": "Visit",
                  "INVALID_REASON": "V"
                },
                "includeMapped": false,
                "includeDescendants": true
              },
              {
                "isExcluded": false,
                "concept": {
                  "INVALID_REASON_CAPTION": "Valid",
                  "CONCEPT_ID": 9201,
                  "STANDARD_CONCEPT": "S",
                  "CONCEPT_CODE": "IP",
                  "VOCABULARY_ID": "Visit",
                  "CONCEPT_NAME": "Inpatient Visit",
                  "DOMAIN_ID": "Visit",
                  "STANDARD_CONCEPT_CAPTION": "Standard",
                  "CONCEPT_CLASS_ID": "Visit",
                  "INVALID_REASON": "V"
                },
                "includeMapped": false,
                "includeDescendants": true
              }
            ]},
            "name": "Inpatient Visit",
            "id": 5
          }
        ],
        "EndStrategy": {"DateOffset": {
          "DateField": "EndDate",
          "Offset": 0
        }},
        "cdmVersionRange": ">=5.0.0",
        "CensoringCriteria": [],
        "AdditionalCriteria": {
          "CriteriaList": [
            {
              "RestrictVisit": false,
              "StartWindow": {
                "UseEventEnd": false,
                "Start": {
                  "Days": 21,
                  "Coeff": -1
                },
                "End": {
                  "Days": null,
                  "Coeff": 1
                },
                "UseIndexEnd": false
              },
              "IgnoreObservationPeriod": false,
              "EndWindow": {
                "UseEventEnd": false,
                "Start": {
                  "Days": null,
                  "Coeff": -1
                },
                "End": {
                  "Days": 0,
                  "Coeff": 1
                },
                "UseIndexEnd": true
              },
              "Criteria": {"Measurement": {
                "Operator": null,
                "RangeHigh": null,
                "MeasurementTypeExclude": false,
                "ValueAsConcept": null,
                "CorrelatedCriteria": null,
                "RangeHighRatio": null,
                "CodesetId": 1,
                "ProviderSpecialty": null,
                "Gender": null,
                "Unit": null,
                "RangeLowRatio": null,
                "MeasurementType": null,
                "MeasurementSourceConcept": null,
                "VisitType": null,
                "ValueAsNumber": null,
                "First": null,
                "OccurrenceStartDate": null,
                "RangeLow": null,
                "Abnormal": null,
                "Age": null
              }},
              "Occurrence": {
                "Type": 2,
                "CountColumn": null,
                "IsDistinct": false,
                "Count": 1
              }
            },
            {
              "RestrictVisit": false,
              "StartWindow": {
                "UseEventEnd": false,
                "Start": {
                  "Days": 21,
                  "Coeff": -1
                },
                "End": {
                  "Days": null,
                  "Coeff": 1
                },
                "UseIndexEnd": false
              },
              "IgnoreObservationPeriod": false,
              "EndWindow": {
                "UseEventEnd": false,
                "Start": {
                  "Days": null,
                  "Coeff": -1
                },
                "End": {
                  "Days": 0,
                  "Coeff": 1
                },
                "UseIndexEnd": true
              },
              "Criteria": {"Measurement": {
                "Operator": null,
                "RangeHigh": null,
                "MeasurementTypeExclude": false,
                "ValueAsConcept": [
                  {
                    "INVALID_REASON_CAPTION": "Unknown",
                    "CONCEPT_ID": 4126681,
                    "STANDARD_CONCEPT": null,
                    "CONCEPT_CODE": "260373001",
                    "VOCABULARY_ID": "SNOMED",
                    "CONCEPT_NAME": "Detected",
                    "DOMAIN_ID": "Meas Value",
                    "STANDARD_CONCEPT_CAPTION": "Unknown",
                    "CONCEPT_CLASS_ID": null,
                    "INVALID_REASON": null
                  },
                  {
                    "INVALID_REASON_CAPTION": "Unknown",
                    "CONCEPT_ID": 45877985,
                    "STANDARD_CONCEPT": null,
                    "CONCEPT_CODE": "LA11882-0",
                    "VOCABULARY_ID": "LOINC",
                    "CONCEPT_NAME": "Detected",
                    "DOMAIN_ID": "Meas Value",
                    "STANDARD_CONCEPT_CAPTION": "Unknown",
                    "CONCEPT_CLASS_ID": null,
                    "INVALID_REASON": null
                  },
                  {
                    "INVALID_REASON_CAPTION": "Unknown",
                    "CONCEPT_ID": 9191,
                    "STANDARD_CONCEPT": null,
                    "CONCEPT_CODE": "10828004",
                    "VOCABULARY_ID": "SNOMED",
                    "CONCEPT_NAME": "Positive",
                    "DOMAIN_ID": "Meas Value",
                    "STANDARD_CONCEPT_CAPTION": "Unknown",
                    "CONCEPT_CLASS_ID": null,
                    "INVALID_REASON": null
                  },
                  {
                    "INVALID_REASON_CAPTION": "Unknown",
                    "CONCEPT_ID": 45884084,
                    "STANDARD_CONCEPT": null,
                    "CONCEPT_CODE": "LA6576-8",
                    "VOCABULARY_ID": "LOINC",
                    "CONCEPT_NAME": "Positive",
                    "DOMAIN_ID": "Meas Value",
                    "STANDARD_CONCEPT_CAPTION": "Unknown",
                    "CONCEPT_CLASS_ID": null,
                    "INVALID_REASON": null
                  },
                  {
                    "INVALID_REASON_CAPTION": "Unknown",
                    "CONCEPT_ID": 4181412,
                    "STANDARD_CONCEPT": null,
                    "CONCEPT_CODE": "52101004",
                    "VOCABULARY_ID": "SNOMED",
                    "CONCEPT_NAME": "Present",
                    "DOMAIN_ID": "Meas Value",
                    "STANDARD_CONCEPT_CAPTION": "Unknown",
                    "CONCEPT_CLASS_ID": null,
                    "INVALID_REASON": null
                  },
                  {
                    "INVALID_REASON_CAPTION": "Unknown",
                    "CONCEPT_ID": 45879438,
                    "STANDARD_CONCEPT": null,
                    "CONCEPT_CODE": "LA9633-4",
                    "VOCABULARY_ID": "LOINC",
                    "CONCEPT_NAME": "Present",
                    "DOMAIN_ID": "Meas Value",
                    "STANDARD_CONCEPT_CAPTION": "Unknown",
                    "CONCEPT_CLASS_ID": null,
                    "INVALID_REASON": null
                  }
                ],
                "CorrelatedCriteria": null,
                "RangeHighRatio": null,
                "CodesetId": 2,
                "ProviderSpecialty": null,
                "Gender": null,
                "Unit": null,
                "RangeLowRatio": null,
                "MeasurementType": null,
                "MeasurementSourceConcept": null,
                "VisitType": null,
                "ValueAsNumber": null,
                "First": null,
                "OccurrenceStartDate": null,
                "RangeLow": null,
                "Abnormal": null,
                "Age": null
              }},
              "Occurrence": {
                "Type": 2,
                "CountColumn": null,
                "IsDistinct": false,
                "Count": 1
              }
            },
            {
              "RestrictVisit": false,
              "StartWindow": {
                "UseEventEnd": false,
                "Start": {
                  "Days": 21,
                  "Coeff": -1
                },
                "End": {
                  "Days": null,
                  "Coeff": 1
                },
                "UseIndexEnd": false
              },
              "IgnoreObservationPeriod": false,
              "EndWindow": {
                "UseEventEnd": false,
                "Start": {
                  "Days": null,
                  "Coeff": -1
                },
                "End": {
                  "Days": 0,
                  "Coeff": 1
                },
                "UseIndexEnd": true
              },
              "Criteria": {"Observation": {
                "ValueAsConcept": [
                  {
                    "INVALID_REASON_CAPTION": "Unknown",
                    "CONCEPT_ID": 4126681,
                    "STANDARD_CONCEPT": null,
                    "CONCEPT_CODE": "260373001",
                    "VOCABULARY_ID": "SNOMED",
                    "CONCEPT_NAME": "Detected",
                    "DOMAIN_ID": "Meas Value",
                    "STANDARD_CONCEPT_CAPTION": "Unknown",
                    "CONCEPT_CLASS_ID": null,
                    "INVALID_REASON": null
                  },
                  {
                    "INVALID_REASON_CAPTION": "Unknown",
                    "CONCEPT_ID": 45877985,
                    "STANDARD_CONCEPT": null,
                    "CONCEPT_CODE": "LA11882-0",
                    "VOCABULARY_ID": "LOINC",
                    "CONCEPT_NAME": "Detected",
                    "DOMAIN_ID": "Meas Value",
                    "STANDARD_CONCEPT_CAPTION": "Unknown",
                    "CONCEPT_CLASS_ID": null,
                    "INVALID_REASON": null
                  },
                  {
                    "INVALID_REASON_CAPTION": "Unknown",
                    "CONCEPT_ID": 9191,
                    "STANDARD_CONCEPT": null,
                    "CONCEPT_CODE": "10828004",
                    "VOCABULARY_ID": "SNOMED",
                    "CONCEPT_NAME": "Positive",
                    "DOMAIN_ID": "Meas Value",
                    "STANDARD_CONCEPT_CAPTION": "Unknown",
                    "CONCEPT_CLASS_ID": null,
                    "INVALID_REASON": null
                  },
                  {
                    "INVALID_REASON_CAPTION": "Unknown",
                    "CONCEPT_ID": 45884084,
                    "STANDARD_CONCEPT": null,
                    "CONCEPT_CODE": "LA6576-8",
                    "VOCABULARY_ID": "LOINC",
                    "CONCEPT_NAME": "Positive",
                    "DOMAIN_ID": "Meas Value",
                    "STANDARD_CONCEPT_CAPTION": "Unknown",
                    "CONCEPT_CLASS_ID": null,
                    "INVALID_REASON": null
                  },
                  {
                    "INVALID_REASON_CAPTION": "Unknown",
                    "CONCEPT_ID": 4181412,
                    "STANDARD_CONCEPT": null,
                    "CONCEPT_CODE": "52101004",
                    "VOCABULARY_ID": "SNOMED",
                    "CONCEPT_NAME": "Present",
                    "DOMAIN_ID": "Meas Value",
                    "STANDARD_CONCEPT_CAPTION": "Unknown",
                    "CONCEPT_CLASS_ID": null,
                    "INVALID_REASON": null
                  },
                  {
                    "INVALID_REASON_CAPTION": "Unknown",
                    "CONCEPT_ID": 45879438,
                    "STANDARD_CONCEPT": null,
                    "CONCEPT_CODE": "LA9633-4",
                    "VOCABULARY_ID": "LOINC",
                    "CONCEPT_NAME": "Present",
                    "DOMAIN_ID": "Meas Value",
                    "STANDARD_CONCEPT_CAPTION": "Unknown",
                    "CONCEPT_CLASS_ID": null,
                    "INVALID_REASON": null
                  }
                ],
                "ObservationType": null,
                "CorrelatedCriteria": null,
                "ObservationTypeExclude": false,
                "ValueAsString": null,
                "CodesetId": 2,
                "ProviderSpecialty": null,
                "Gender": null,
                "Unit": null,
                "ObservationSourceConcept": null,
                "VisitType": null,
                "ValueAsNumber": null,
                "Qualifier": null,
                "First": null,
                "OccurrenceStartDate": null,
                "Age": null
              }},
              "Occurrence": {
                "Type": 2,
                "CountColumn": null,
                "IsDistinct": false,
                "Count": 1
              }
            },
            {
              "RestrictVisit": false,
              "StartWindow": {
                "UseEventEnd": false,
                "Start": {
                  "Days": 21,
                  "Coeff": -1
                },
                "End": {
                  "Days": null,
                  "Coeff": 1
                },
                "UseIndexEnd": false
              },
              "IgnoreObservationPeriod": false,
              "EndWindow": {
                "UseEventEnd": false,
                "Start": {
                  "Days": null,
                  "Coeff": -1
                },
                "End": {
                  "Days": 0,
                  "Coeff": 1
                },
                "UseIndexEnd": true
              },
              "Criteria": {"ConditionOccurrence": {
                "OccurrenceEndDate": null,
                "CorrelatedCriteria": null,
                "ConditionTypeExclude": false,
                "CodesetId": 4,
                "ProviderSpecialty": null,
                "Gender": null,
                "VisitType": null,
                "First": null,
                "OccurrenceStartDate": null,
                "ConditionType": null,
                "ConditionSourceConcept": null,
                "StopReason": null,
                "Age": null
              }},
              "Occurrence": {
                "Type": 2,
                "CountColumn": null,
                "IsDistinct": false,
                "Count": 1
              }
            }
          ],
          "Type": "ANY",
          "DemographicCriteriaList": [],
          "Groups": [],
          "Count": null
        },
        "QualifiedLimit": {"Type": "First"},
        "InclusionRules": [{
          "expression": {
            "CriteriaList": [{
              "RestrictVisit": false,
              "StartWindow": {
                "UseEventEnd": false,
                "Start": {
                  "Days": null,
                  "Coeff": -1
                },
                "End": {
                  "Days": 365,
                  "Coeff": -1
                },
                "UseIndexEnd": false
              },
              "IgnoreObservationPeriod": false,
              "EndWindow": {
                "UseEventEnd": true,
                "Start": {
                  "Days": 0,
                  "Coeff": -1
                },
                "End": {
                  "Days": null,
                  "Coeff": 1
                },
                "UseIndexEnd": false
              },
              "Criteria": {"ObservationPeriod": {
                "PeriodType": null,
                "CorrelatedCriteria": null,
                "AgeAtStart": null,
                "UserDefinedPeriod": null,
                "AgeAtEnd": null,
                "First": null,
                "PeriodEndDate": null,
                "PeriodStartDate": null,
                "PeriodLength": null
              }},
              "Occurrence": {
                "Type": 2,
                "CountColumn": null,
                "IsDistinct": false,
                "Count": 1
              }
            }],
            "Type": "ALL",
            "DemographicCriteriaList": [],
            "Groups": [],
            "Count": null
          },
          "name": "has >=365 prior observation",
          "description": null
        }],
        "PrimaryCriteria": {
          "CriteriaList": [{"VisitOccurrence": {
            "OccurrenceEndDate": null,
            "VisitLength": null,
            "CorrelatedCriteria": null,
            "VisitSourceConcept": null,
            "CodesetId": 5,
            "VisitTypeExclude": false,
            "ProviderSpecialty": null,
            "Gender": null,
            "PlaceOfServiceLocation": null,
            "PlaceOfService": null,
            "VisitType": null,
            "First": null,
            "OccurrenceStartDate": {
              "Op": "gt",
              "Extent": null,
              "Value": "2019-12-01"
            },
            "Age": null
          }}],
          "PrimaryCriteriaLimit": {"Type": "All"},
          "ObservationWindow": {
            "PostDays": 0,
            "PriorDays": 0
          }
        }
      },
      "createdDate": "2020-08-01T16:13:15.703+0000",
      "createdBy": null,
      "name": "[COVID ID134 V1] Persons hospitalized with a COVID-19 diagnosis record or a SARS-CoV-2 positive test with at least 365d prior observation",
      "modifiedDate": null,
      "description": null,
      "expressionType": null,
      "modifiedBy": null,
      "id": 17780
    }
  ],
  "modelSettings": [
    {"LassoLogisticRegressionSettings": {
      "seed": null,
      "variance": 0.01
    }},
    {"RandomForestSettings": {
      "maxDepth": [
        4,
        10,
        17
      ],
      "varImp": [true],
      "seed": null,
      "mtries": [-1],
      "ntrees": [1000]
    }},
    {"GradientBoostingMachineSettings": {
      "maxDepth": [
        4,
        6,
        17
      ],
      "minRows": [
        20,
        10,
        5
      ],
      "seed": null,
      "nthread": 20,
      "ntrees": [
        10,
        100,
        500
      ],
      "learnRate": [
        0.01,
        0.1,
        0.9,
        0.98
      ]
    }},
    {"AdaBoostSettings": {
      "nEstimators": [
        50,
        10,
        100
      ],
      "seed": null,
      "learningRate": [
        1,
        0.9,
        0.1
      ]
    }},
    {"DecisionTreeSettings": {
      "maxDepth": [
        10,
        5
      ],
      "minSamplesLeaf": [
        10,
        2
      ],
      "seed": null,
      "minImpurityDecrease": [1.0E-7],
      "classWeight": ["None"],
      "plot": false,
      "minSamplesSplit": [
        2,
        10
      ]
    }},
    {"MLPSettings": {
      "seed": null,
      "size": [
        4,
        40,
        20
      ],
      "alpha": [
        1.0E-5,
        0.1,
        0.9,
        0.005
      ]
    }}
  ],
  "name": "COVID death after hospitalization",
  "modifiedDate": "2020-11-03 19:07",
  "covariateSettings": [
    
    [{
      "fnct": "createCovariateSettings",
     "settings": [{
      "VisitCountMediumTerm": false,
      "ObservationShortTerm": false,
      "shortTermStartDays": -30,
      "MeasurementRangeGroupShortTerm": false,
      "ConditionOccurrenceLongTerm": false,
      "DrugEraStartLongTerm": false,
      "VisitCountShortTerm": false,
      "Chads2Vasc": false,
      "ConditionGroupEraStartLongTerm": false,
      "ConditionEraShortTerm": false,
      "Dcsi": false,
      "DrugGroupEraLongTerm": true,
      "DrugGroupEraShortTerm": false,
      "ConditionEraStartLongTerm": false,
      "temporal": false,
      "DemographicsIndexMonth": false,
      "ConditionOccurrencePrimaryInpatientLongTerm": false,
      "ConditionEraAnyTimePrior": false,
      "addDescendantsToInclude": false,
      "ConditionGroupEraStartMediumTerm": false,
      "ProcedureOccurrenceLongTerm": false,
      "DrugExposureLongTerm": false,
      "DrugEraStartShortTerm": false,
      "DistinctIngredientCountMediumTerm": false,
      "DistinctMeasurementCountShortTerm": false,
      "MeasurementRangeGroupLongTerm": false,
      "ConditionGroupEraOverlapping": false,
      "attr_fun": "getDbDefaultCovariateData",
      "MeasurementRangeGroupMediumTerm": false,
      "DrugGroupEraStartMediumTerm": false,
      "MeasurementAnyTimePrior": false,
      "MeasurementMediumTerm": false,
      "includedCovariateIds": [],
      "ConditionOccurrenceAnyTimePrior": false,
      "DistinctConditionCountLongTerm": false,
      "MeasurementValueLongTerm": false,
      "DrugEraShortTerm": false,
      "DrugGroupEraAnyTimePrior": true,
      "DrugEraOverlapping": false,
      "ConditionOccurrencePrimaryInpatientAnyTimePrior": false,
      "ConditionEraMediumTerm": false,
      "ConditionEraOverlapping": false,
      "ConditionEraStartShortTerm": false,
      "ObservationAnyTimePrior": true,
      "VisitConceptCountShortTerm": false,
      "DemographicsEthnicity": false,
      "DistinctIngredientCountLongTerm": false,
      "ConditionOccurrencePrimaryInpatientShortTerm": false,
      "DemographicsAgeGroup": true,
      "DistinctProcedureCountShortTerm": false,
      "DistinctObservationCountMediumTerm": false,
      "includedCovariateConceptIds": [],
      "DrugGroupEraStartShortTerm": false,
      "addDescendantsToExclude": false,
      "DrugEraLongTerm": false,
      "DistinctConditionCountShortTerm": false,
      "ConditionGroupEraShortTerm": false,
      "ConditionEraStartMediumTerm": false,
      "VisitCountLongTerm": true,
      "DemographicsRace": false,
      "ProcedureOccurrenceAnyTimePrior": true,
      "DistinctObservationCountLongTerm": false,
      "attr_class": "covariateSettings",
      "ProcedureOccurrenceMediumTerm": false,
      "CharlsonIndex": false,
      "DemographicsPriorObservationTime": false,
      "MeasurementShortTerm": false,
      "DistinctProcedureCountMediumTerm": false,
      "ConditionEraLongTerm": false,
      "DrugGroupEraStartLongTerm": false,
      "DemographicsGender": true,
      "DeviceExposureAnyTimePrior": true,
      "ObservationLongTerm": false,
      "DemographicsIndexYearMonth": false,
      "ConditionOccurrenceMediumTerm": false,
      "longTermStartDays": -365,
      "DemographicsAge": false,
      "DrugGroupEraOverlapping": false,
      "DistinctMeasurementCountLongTerm": false,
      "MeasurementRangeGroupAnyTimePrior": false,
      "DistinctConditionCountMediumTerm": false,
      "DrugGroupEraMediumTerm": false,
      "ProcedureOccurrenceShortTerm": false,
      "ObservationMediumTerm": false,
      "ConditionGroupEraAnyTimePrior": true,
      "Chads2": false,
      "DrugExposureAnyTimePrior": false,
      "DeviceExposureLongTerm": false,
      "DemographicsTimeInCohort": false,
      "DistinctMeasurementCountMediumTerm": false,
      "MeasurementValueShortTerm": false,
      "DeviceExposureMediumTerm": false,
      "ConditionGroupEraStartShortTerm": false,
      "ConditionOccurrencePrimaryInpatientMediumTerm": false,
      "MeasurementLongTerm": true,
      "DemographicsIndexYear": false,
      "MeasurementValueMediumTerm": false,
      "DrugEraStartMediumTerm": false,
      "MeasurementValueAnyTimePrior": false,
      "DistinctObservationCountShortTerm": false,
      "DrugEraMediumTerm": false,
      "ConditionGroupEraLongTerm": true,
      "DrugExposureShortTerm": false,
      "DistinctIngredientCountShortTerm": false,
      "DeviceExposureShortTerm": false,
      "mediumTermStartDays": -180,
      "DemographicsPostObservationTime": false,
      "VisitConceptCountLongTerm": false,
      "VisitConceptCountMediumTerm": false,
      "excludedCovariateConceptIds": [],
      "ConditionGroupEraMediumTerm": false,
      "DrugExposureMediumTerm": false,
      "DistinctProcedureCountLongTerm": false,
      "DrugEraAnyTimePrior": false,
      "endDays": -1,
      "ConditionOccurrenceShortTerm": false
     }]
    },
    { "fnct": "createCohortCovariateSettings",
      "settings": {
        "covariateName": "testing", 
        "covariateId": 1046,
        "cohortId": 1,
        "startDay": -9999, 
        "endDay": -1, 
        "count": false, 
        "ageInteraction": false,
        "lnAgeInteraction": false,
        "analysisId": 46 }  
    },
      { "fnct": "createAgeCovariateSettings",
      "settings": {
        "covariateName": "age test", 
        "ageMap": "function(x){return(log(x))}",
        "covariateId": 1458,
        "analysisId": 458 }  
      },
      { "fnct": "createMeasurementCovariateSettings",
      "settings": {
        "covariateName": "measurement test", 
        "conceptSet": [],
        "startDay": -365, 
        "endDay": 0, 
        "scaleMap": "n", 
        "aggregateMethod": "recent",
        "imputationValue": 0,
        "ageInteraction": false,
        "lnAgeInteraction": false,
        "lnValue": false,
        "covariateId": 1466,
        "analysisId": 466 }  
      }
    ], 
    
    [
      {"fnct": "createCovariateSettings",
     "settings": [{
      "VisitCountMediumTerm": false,
      "ObservationShortTerm": false,
      "shortTermStartDays": -30,
      "MeasurementRangeGroupShortTerm": false,
      "ConditionOccurrenceLongTerm": false,
      "DrugEraStartLongTerm": false,
      "VisitCountShortTerm": false,
      "Chads2Vasc": false,
      "ConditionGroupEraStartLongTerm": false,
      "ConditionEraShortTerm": false,
      "Dcsi": false,
      "DrugGroupEraLongTerm": false,
      "DrugGroupEraShortTerm": false,
      "ConditionEraStartLongTerm": false,
      "temporal": false,
      "DemographicsIndexMonth": false,
      "ConditionOccurrencePrimaryInpatientLongTerm": false,
      "ConditionEraAnyTimePrior": false,
      "addDescendantsToInclude": false,
      "ConditionGroupEraStartMediumTerm": false,
      "ProcedureOccurrenceLongTerm": false,
      "DrugExposureLongTerm": false,
      "DrugEraStartShortTerm": false,
      "DistinctIngredientCountMediumTerm": false,
      "DistinctMeasurementCountShortTerm": false,
      "MeasurementRangeGroupLongTerm": false,
      "ConditionGroupEraOverlapping": false,
      "attr_fun": "getDbDefaultCovariateData",
      "MeasurementRangeGroupMediumTerm": false,
      "DrugGroupEraStartMediumTerm": false,
      "MeasurementAnyTimePrior": false,
      "MeasurementMediumTerm": false,
      "includedCovariateIds": [],
      "ConditionOccurrenceAnyTimePrior": false,
      "DistinctConditionCountLongTerm": false,
      "MeasurementValueLongTerm": false,
      "DrugEraShortTerm": false,
      "DrugGroupEraAnyTimePrior": false,
      "DrugEraOverlapping": false,
      "ConditionOccurrencePrimaryInpatientAnyTimePrior": false,
      "ConditionEraMediumTerm": false,
      "ConditionEraOverlapping": false,
      "ConditionEraStartShortTerm": false,
      "ObservationAnyTimePrior": false,
      "VisitConceptCountShortTerm": false,
      "DemographicsEthnicity": false,
      "DistinctIngredientCountLongTerm": false,
      "ConditionOccurrencePrimaryInpatientShortTerm": false,
      "DemographicsAgeGroup": true,
      "DistinctProcedureCountShortTerm": false,
      "DistinctObservationCountMediumTerm": false,
      "includedCovariateConceptIds": [],
      "DrugGroupEraStartShortTerm": false,
      "addDescendantsToExclude": false,
      "DrugEraLongTerm": false,
      "DistinctConditionCountShortTerm": false,
      "ConditionGroupEraShortTerm": false,
      "ConditionEraStartMediumTerm": false,
      "VisitCountLongTerm": false,
      "DemographicsRace": false,
      "ProcedureOccurrenceAnyTimePrior": false,
      "DistinctObservationCountLongTerm": false,
      "attr_class": "covariateSettings",
      "ProcedureOccurrenceMediumTerm": false,
      "CharlsonIndex": false,
      "DemographicsPriorObservationTime": false,
      "MeasurementShortTerm": false,
      "DistinctProcedureCountMediumTerm": false,
      "ConditionEraLongTerm": false,
      "DrugGroupEraStartLongTerm": false,
      "DemographicsGender": true,
      "DeviceExposureAnyTimePrior": false,
      "ObservationLongTerm": false,
      "DemographicsIndexYearMonth": false,
      "ConditionOccurrenceMediumTerm": false,
      "longTermStartDays": -365,
      "DemographicsAge": false,
      "DrugGroupEraOverlapping": false,
      "DistinctMeasurementCountLongTerm": false,
      "MeasurementRangeGroupAnyTimePrior": false,
      "DistinctConditionCountMediumTerm": false,
      "DrugGroupEraMediumTerm": false,
      "ProcedureOccurrenceShortTerm": false,
      "ObservationMediumTerm": false,
      "ConditionGroupEraAnyTimePrior": false,
      "Chads2": false,
      "DrugExposureAnyTimePrior": false,
      "DeviceExposureLongTerm": false,
      "DemographicsTimeInCohort": false,
      "DistinctMeasurementCountMediumTerm": false,
      "MeasurementValueShortTerm": false,
      "DeviceExposureMediumTerm": false,
      "ConditionGroupEraStartShortTerm": false,
      "ConditionOccurrencePrimaryInpatientMediumTerm": false,
      "MeasurementLongTerm": false,
      "DemographicsIndexYear": false,
      "MeasurementValueMediumTerm": false,
      "DrugEraStartMediumTerm": false,
      "MeasurementValueAnyTimePrior": false,
      "DistinctObservationCountShortTerm": false,
      "DrugEraMediumTerm": false,
      "ConditionGroupEraLongTerm": false,
      "DrugExposureShortTerm": false,
      "DistinctIngredientCountShortTerm": false,
      "DeviceExposureShortTerm": false,
      "mediumTermStartDays": -180,
      "DemographicsPostObservationTime": false,
      "VisitConceptCountLongTerm": false,
      "VisitConceptCountMediumTerm": false,
      "excludedCovariateConceptIds": [],
      "ConditionGroupEraMediumTerm": false,
      "DrugExposureMediumTerm": false,
      "DistinctProcedureCountLongTerm": false,
      "DrugEraAnyTimePrior": false,
      "endDays": 0,
      "ConditionOccurrenceShortTerm": false}]
      }
  ]
  
  ],
  
  
  "modifiedBy": null,
  "conceptSets": [],
  "id": 201,
  "packageName": "covidDeath"
}