{"ConceptSets":[{"id":0,"name":"GI bleeding","expression":{"items":[{"concept":{"CONCEPT_ID":4280942,"CONCEPT_NAME":"Acute gastrojejunal ulcer with perforation","STANDARD_CONCEPT":"S","INVALID_REASON":"V","CONCEPT_CODE":"66636001","DOMAIN_ID":"Condition","VOCABULARY_ID":"SNOMED","CONCEPT_CLASS_ID":"Clinical Finding","INVALID_REASON_CAPTION":"Valid","STANDARD_CONCEPT_CAPTION":"Standard"},"includeDescendants":true},{"concept":{"CONCEPT_ID":28779,"CONCEPT_NAME":"Bleeding esophageal varices","STANDARD_CONCEPT":"S","INVALID_REASON":"V","CONCEPT_CODE":"17709002","DOMAIN_ID":"Condition","VOCABULARY_ID":"SNOMED","CONCEPT_CLASS_ID":"Clinical Finding","INVALID_REASON_CAPTION":"Valid","STANDARD_CONCEPT_CAPTION":"Standard"},"includeDescendants":true},{"concept":{"CONCEPT_ID":198798,"CONCEPT_NAME":"Dieulafoy's vascular malformation","STANDARD_CONCEPT":"S","INVALID_REASON":"V","CONCEPT_CODE":"109558001","DOMAIN_ID":"Condition","VOCABULARY_ID":"SNOMED","CONCEPT_CLASS_ID":"Clinical Finding","INVALID_REASON_CAPTION":"Valid","STANDARD_CONCEPT_CAPTION":"Standard"},"includeDescendants":true},{"concept":{"CONCEPT_ID":4112183,"CONCEPT_NAME":"Esophageal varices with bleeding, associated with another disorder","STANDARD_CONCEPT":"S","INVALID_REASON":"V","CONCEPT_CODE":"195475003","DOMAIN_ID":"Condition","VOCABULARY_ID":"SNOMED","CONCEPT_CLASS_ID":"Clinical Finding","INVALID_REASON_CAPTION":"Valid","STANDARD_CONCEPT_CAPTION":"Standard"},"includeDescendants":true},{"concept":{"CONCEPT_ID":194382,"CONCEPT_NAME":"External hemorrhoids","STANDARD_CONCEPT":"S","INVALID_REASON":"V","CONCEPT_CODE":"23913003","DOMAIN_ID":"Condition","VOCABULARY_ID":"SNOMED","CONCEPT_CLASS_ID":"Clinical Finding","INVALID_REASON_CAPTION":"Valid","STANDARD_CONCEPT_CAPTION":"Standard"}},{"concept":{"CONCEPT_ID":192671,"CONCEPT_NAME":"Gastrointestinal hemorrhage","STANDARD_CONCEPT":"S","INVALID_REASON":"V","CONCEPT_CODE":"74474003","DOMAIN_ID":"Condition","VOCABULARY_ID":"SNOMED","CONCEPT_CLASS_ID":"Clinical Finding","INVALID_REASON_CAPTION":"Valid","STANDARD_CONCEPT_CAPTION":"Standard"},"includeDescendants":true},{"concept":{"CONCEPT_ID":196436,"CONCEPT_NAME":"Internal hemorrhoids","STANDARD_CONCEPT":"S","INVALID_REASON":"V","CONCEPT_CODE":"90458007","DOMAIN_ID":"Condition","VOCABULARY_ID":"SNOMED","CONCEPT_CLASS_ID":"Clinical Finding","INVALID_REASON_CAPTION":"Valid","STANDARD_CONCEPT_CAPTION":"Standard"}},{"concept":{"CONCEPT_ID":4338225,"CONCEPT_NAME":"Peptic ulcer with perforation","STANDARD_CONCEPT":"S","INVALID_REASON":"V","CONCEPT_CODE":"88169003","DOMAIN_ID":"Condition","VOCABULARY_ID":"SNOMED","CONCEPT_CLASS_ID":"Clinical Finding","INVALID_REASON_CAPTION":"Valid","STANDARD_CONCEPT_CAPTION":"Standard"},"includeDescendants":true},{"concept":{"CONCEPT_ID":194158,"CONCEPT_NAME":"Perinatal gastrointestinal hemorrhage","STANDARD_CONCEPT":"S","INVALID_REASON":"V","CONCEPT_CODE":"48729005","DOMAIN_ID":"Condition","VOCABULARY_ID":"SNOMED","CONCEPT_CLASS_ID":"Clinical Finding","INVALID_REASON_CAPTION":"Valid","STANDARD_CONCEPT_CAPTION":"Standard"},"isExcluded":true,"includeDescendants":true},{"concept":{"CONCEPT_ID":194395,"CONCEPT_NAME":"Bleeding diverticulosis","STANDARD_CONCEPT":"S","INVALID_REASON":"V","CONCEPT_CODE":"197092000","DOMAIN_ID":"Condition","VOCABULARY_ID":"SNOMED","CONCEPT_CLASS_ID":"Clinical Finding","INVALID_REASON_CAPTION":"Valid","STANDARD_CONCEPT_CAPTION":"Standard"},"includeDescendants":true},{"concept":{"CONCEPT_ID":40482685,"CONCEPT_NAME":"Angiodysplasia of duodenum","STANDARD_CONCEPT":"S","INVALID_REASON":"V","CONCEPT_CODE":"442267002","DOMAIN_ID":"Condition","VOCABULARY_ID":"SNOMED","CONCEPT_CLASS_ID":"Clinical Finding","INVALID_REASON_CAPTION":"Valid","STANDARD_CONCEPT_CAPTION":"Standard"}}]}}],"PrimaryCriteria":{"CriteriaList":[{"ConditionOccurrence":{"CodesetId":0,"ConditionType":[{"CONCEPT_CODE":"OMOP generated","CONCEPT_ID":45756843,"CONCEPT_NAME":"Carrier claim detail - 1st position","DOMAIN_ID":"Type Concept","VOCABULARY_ID":"Condition Type"},{"CONCEPT_CODE":"OMOP generated","CONCEPT_ID":45756835,"CONCEPT_NAME":"Carrier claim header - 1st position","DOMAIN_ID":"Type Concept","VOCABULARY_ID":"Condition Type"},{"CONCEPT_CODE":"OMOP generated","CONCEPT_ID":38000184,"CONCEPT_NAME":"Inpatient detail - 1st position","DOMAIN_ID":"Type Concept","VOCABULARY_ID":"Condition Type"},{"CONCEPT_CODE":"OMOP generated","CONCEPT_ID":38000183,"CONCEPT_NAME":"Inpatient detail - primary","DOMAIN_ID":"Type Concept","VOCABULARY_ID":"Condition Type"},{"CONCEPT_CODE":"OMOP generated","CONCEPT_ID":38000200,"CONCEPT_NAME":"Inpatient header - 1st position","DOMAIN_ID":"Type Concept","VOCABULARY_ID":"Condition Type"},{"CONCEPT_CODE":"OMOP generated","CONCEPT_ID":38000199,"CONCEPT_NAME":"Inpatient header - primary","DOMAIN_ID":"Type Concept","VOCABULARY_ID":"Condition Type"},{"CONCEPT_CODE":"OMOP generated","CONCEPT_ID":38000215,"CONCEPT_NAME":"Outpatient detail - 1st position","DOMAIN_ID":"Type Concept","VOCABULARY_ID":"Condition Type"},{"CONCEPT_CODE":"OMOP generated","CONCEPT_ID":38000230,"CONCEPT_NAME":"Outpatient header - 1st position","DOMAIN_ID":"Type Concept","VOCABULARY_ID":"Condition Type"},{"CONCEPT_CODE":"OMOP generated","CONCEPT_ID":44786627,"CONCEPT_NAME":"Primary Condition","DOMAIN_ID":"Type Concept","VOCABULARY_ID":"Condition Type"}],"VisitType":[{"CONCEPT_CODE":"IP","CONCEPT_ID":9201,"CONCEPT_NAME":"Inpatient Visit","DOMAIN_ID":"Visit","VOCABULARY_ID":"Visit"}]}}],"ObservationWindow":{"PriorDays":0,"PostDays":0},"PrimaryCriteriaLimit":{"Type":"First"}},"QualifiedLimit":{"Type":"First"},"ExpressionLimit":{"Type":"First"},"InclusionRules":[],"CensoringCriteria":[],"CollapseSettings":{"CollapseType":"ERA","EraPad":0}}
